-- phpMyAdmin SQL Dump
-- version 4.1.14
-- http://www.phpmyadmin.net
--
-- Host: 127.0.0.1
-- Generation Time: May 31, 2015 at 07:23 PM
-- Server version: 5.6.17
-- PHP Version: 5.5.12

SET SQL_MODE = "NO_AUTO_VALUE_ON_ZERO";
SET time_zone = "+00:00";


/*!40101 SET @OLD_CHARACTER_SET_CLIENT=@@CHARACTER_SET_CLIENT */;
/*!40101 SET @OLD_CHARACTER_SET_RESULTS=@@CHARACTER_SET_RESULTS */;
/*!40101 SET @OLD_COLLATION_CONNECTION=@@COLLATION_CONNECTION */;
/*!40101 SET NAMES utf8 */;

--
-- Database: `busservice`
--

-- --------------------------------------------------------

--
-- Table structure for table `bus_mapping`
--

CREATE TABLE IF NOT EXISTS `bus_mapping` (
  `id` int(10) unsigned NOT NULL AUTO_INCREMENT,
  `bus_serviceno` varchar(255) COLLATE utf8_unicode_ci NOT NULL,
  `bus_stopno` varchar(255) COLLATE utf8_unicode_ci NOT NULL,
  PRIMARY KEY (`id`)
) ENGINE=InnoDB  DEFAULT CHARSET=utf8 COLLATE=utf8_unicode_ci AUTO_INCREMENT=219 ;

--
-- Dumping data for table `bus_mapping`
--

INSERT INTO `bus_mapping` (`id`, `bus_serviceno`, `bus_stopno`) VALUES
(1, '985', '44009'),
(2, '985', '80009'),
(3, '985', '44539'),
(4, '985', '80101'),
(5, '985', '44399'),
(6, '985', '60051'),
(7, '985', '44299'),
(8, '985', '60191'),
(9, '985', '44289'),
(10, '985', '60121'),
(11, '985', '44279'),
(12, '985', '60141'),
(13, '985', '44139'),
(14, '985', '60161'),
(15, '985', '44159'),
(16, '985', '60181'),
(17, '985', '44169'),
(18, '985', '60089'),
(19, '985', '43529'),
(20, '985', '52089'),
(21, '985', '43641'),
(22, '985', '52079'),
(23, '985', '43831'),
(24, '985', '51099'),
(25, '985', '43491'),
(26, '985', '42089'),
(27, '985', '43481'),
(28, '985', '42071'),
(29, '985', '43471'),
(30, '985', '42151'),
(31, '985', '43461'),
(32, '985', '42161'),
(33, '985', '43411'),
(34, '985', '42171'),
(35, '985', '43421'),
(36, '985', '42181'),
(37, '985', '43431'),
(38, '985', '42191'),
(39, '985', '43441'),
(40, '985', '43201'),
(41, '985', '43229'),
(42, '985', '43221'),
(43, '985', '43209'),
(44, '985', '43449'),
(45, '985', '42199'),
(46, '985', '43439'),
(47, '985', '42189'),
(48, '985', '43429'),
(49, '985', '42179'),
(50, '985', '43419'),
(51, '985', '42169'),
(52, '985', '43469'),
(53, '985', '42159'),
(54, '985', '43479'),
(55, '985', '42259'),
(56, '985', '43489'),
(57, '985', '51091'),
(58, '985', '43499'),
(59, '985', '51101'),
(60, '985', '43839'),
(61, '985', '52071'),
(62, '985', '43649'),
(63, '985', '52081'),
(64, '985', '43521'),
(65, '985', '60081'),
(66, '985', '44161'),
(67, '985', '60179'),
(68, '985', '44151'),
(69, '985', '60159'),
(70, '985', '44131'),
(71, '985', '60139'),
(72, '985', '44271'),
(73, '985', '60119'),
(74, '985', '44281'),
(75, '985', '60059'),
(76, '985', '44291'),
(77, '985', '80109'),
(78, '985', '44391'),
(79, '176', '45009'),
(80, '176', '10009'),
(81, '176', '44731'),
(82, '176', '10339'),
(83, '176', '44259'),
(84, '176', '14249'),
(85, '176', '44029'),
(86, '176', '14059'),
(87, '176', '44019'),
(88, '176', '14049'),
(89, '176', '43119'),
(90, '176', '14161'),
(91, '176', '43109'),
(92, '176', '14171'),
(93, '176', '43099'),
(94, '176', '15141'),
(95, '176', '43089'),
(96, '176', '15151'),
(97, '176', '43279'),
(98, '176', '15161'),
(99, '176', '43268'),
(100, '176', '15191'),
(101, '176', '43259'),
(102, '176', '15201'),
(103, '176', '43249'),
(104, '176', '15211'),
(105, '176', '43239'),
(106, '176', '16211'),
(107, '176', '43449'),
(108, '176', '16221'),
(109, '176', '43439'),
(110, '176', '16231'),
(111, '176', '43429'),
(112, '176', '16241'),
(113, '176', '43419'),
(114, '176', '17291'),
(115, '176', '43401'),
(116, '176', '17351'),
(117, '176', '43321'),
(118, '176', '17301'),
(119, '176', '43371'),
(120, '176', '17361'),
(121, '176', '43699'),
(122, '176', '17311'),
(123, '176', '28629'),
(124, '176', '17321'),
(125, '176', '28319'),
(126, '176', '17331'),
(127, '176', '28449'),
(128, '176', '20281'),
(129, '176', '28431'),
(130, '176', '20131'),
(131, '176', '28249'),
(132, '176', '20141'),
(133, '176', '28239'),
(134, '176', '20151'),
(135, '176', '28229'),
(136, '176', '20251'),
(137, '176', '20269'),
(138, '176', '20261'),
(139, '176', '20259'),
(140, '176', '20271'),
(141, '176', '20159'),
(142, '176', '28221'),
(143, '176', '20149'),
(144, '176', '28231'),
(145, '176', '20139'),
(146, '176', '28241'),
(147, '176', '20289'),
(148, '176', '28439'),
(149, '176', '17339'),
(150, '176', '28441'),
(151, '176', '17329'),
(152, '176', '28311'),
(153, '176', '17319'),
(154, '176', '28621'),
(155, '176', '17369'),
(156, '176', '43691'),
(157, '176', '17309'),
(158, '176', '43379'),
(159, '176', '17359'),
(160, '176', '43329'),
(161, '176', '17299'),
(162, '176', '43409'),
(163, '176', '16249'),
(164, '176', '43411'),
(165, '176', '16239'),
(166, '176', '43421'),
(167, '176', '16229'),
(168, '176', '43431'),
(169, '176', '16219'),
(170, '176', '43441'),
(171, '176', '15219'),
(172, '176', '43231'),
(173, '176', '15209'),
(174, '176', '43241'),
(175, '176', '15199'),
(176, '176', '43251'),
(177, '176', '15169'),
(178, '176', '43261'),
(179, '176', '15159'),
(180, '176', '43271'),
(181, '176', '15149'),
(182, '176', '43071'),
(183, '176', '14189'),
(184, '176', '43081'),
(185, '176', '14179'),
(186, '176', '43091'),
(187, '176', '14169'),
(188, '176', '43111'),
(189, '176', '14041'),
(190, '176', '44011'),
(191, '176', '14051'),
(192, '176', '44021'),
(193, '176', '14241'),
(194, '176', '44251'),
(195, '176', '10331'),
(196, '176', '44739'),
(197, '945', '43009'),
(198, '945', '43421'),
(199, '945', '43541'),
(200, '945', '43801'),
(201, '945', '43561'),
(202, '945', '43571'),
(203, '945', '43581'),
(204, '945', '43641'),
(205, '945', '43831'),
(206, '945', '43491'),
(207, '945', '43841'),
(208, '945', '43659'),
(209, '945', '43589'),
(210, '945', '43579'),
(211, '945', '43569'),
(212, '945', '43809'),
(213, '945', '43549'),
(214, '945', '43429'),
(215, '93', '71011'),
(216, '151', '71011'),
(217, '90', '71011'),
(218, '91', '18051');

-- --------------------------------------------------------

--
-- Table structure for table `bus_route`
--

CREATE TABLE IF NOT EXISTS `bus_route` (
  `id` int(10) unsigned NOT NULL AUTO_INCREMENT,
  `bus_serviceno` varchar(255) COLLATE utf8_unicode_ci NOT NULL,
  `route_name` varchar(255) COLLATE utf8_unicode_ci NOT NULL,
  PRIMARY KEY (`id`)
) ENGINE=InnoDB  DEFAULT CHARSET=utf8 COLLATE=utf8_unicode_ci AUTO_INCREMENT=8 ;

--
-- Dumping data for table `bus_route`
--

INSERT INTO `bus_route` (`id`, `bus_serviceno`, `route_name`) VALUES
(1, '985', 'Chao Chu Kang Int to Lor 1 Geylang Ter'),
(2, '176', 'Bt Panjang Temp Bus Pk - Bt Merah Int'),
(3, '945', 'Bt Batok Int LOOP SERVICE'),
(4, '93', 'HarbourFront Int - Eunos Int'),
(5, '90', 'Toa Payoh Int Loop Service'),
(6, '151', 'Hougang Ctrl Int To Kent Ridge Ter'),
(7, '91', 'Buona Vista Ter Loop Service');

-- --------------------------------------------------------

--
-- Table structure for table `bus_schedule`
--

CREATE TABLE IF NOT EXISTS `bus_schedule` (
  `id` int(10) unsigned NOT NULL AUTO_INCREMENT,
  `bus_mapping_id` varchar(255) COLLATE utf8_unicode_ci NOT NULL,
  `bus_time` time NOT NULL,
  PRIMARY KEY (`id`)
) ENGINE=InnoDB  DEFAULT CHARSET=utf8 COLLATE=utf8_unicode_ci AUTO_INCREMENT=362 ;

--
-- Dumping data for table `bus_schedule`
--

INSERT INTO `bus_schedule` (`id`, `bus_mapping_id`, `bus_time`) VALUES
(1, '35', '07:00:00'),
(2, '35', '07:30:00'),
(3, '35', '07:37:00'),
(4, '35', '08:00:00'),
(5, '35', '09:00:00'),
(6, '35', '09:30:00'),
(7, '35', '10:00:00'),
(8, '35', '10:30:00'),
(9, '35', '11:00:00'),
(10, '35', '11:30:00'),
(11, '35', '11:45:00'),
(12, '35', '12:30:00'),
(13, '35', '13:00:00'),
(14, '35', '13:30:00'),
(15, '35', '14:00:00'),
(16, '35', '14:15:00'),
(17, '35', '15:00:00'),
(18, '35', '15:30:00'),
(19, '35', '16:00:00'),
(20, '35', '16:30:00'),
(21, '35', '17:00:00'),
(22, '35', '17:30:00'),
(23, '35', '18:00:00'),
(24, '35', '18:30:00'),
(25, '35', '19:00:00'),
(26, '35', '19:30:00'),
(27, '35', '20:00:00'),
(28, '35', '20:30:00'),
(29, '35', '21:00:00'),
(30, '35', '21:30:00'),
(31, '35', '22:00:00'),
(32, '35', '22:30:00'),
(33, '35', '23:00:00'),
(34, '35', '23:30:00'),
(35, '35', '00:10:00'),
(36, '166', '06:30:00'),
(37, '166', '07:00:00'),
(38, '166', '07:30:00'),
(39, '166', '08:00:00'),
(40, '166', '08:30:00'),
(41, '166', '09:00:00'),
(42, '166', '09:30:00'),
(43, '166', '10:00:00'),
(44, '166', '10:30:00'),
(45, '166', '11:00:00'),
(46, '166', '11:30:00'),
(47, '166', '12:00:00'),
(48, '166', '12:30:00'),
(49, '166', '13:00:00'),
(50, '166', '13:30:00'),
(51, '166', '14:00:00'),
(52, '166', '14:30:00'),
(53, '166', '15:00:00'),
(54, '166', '15:30:00'),
(55, '166', '16:00:00'),
(56, '166', '16:30:00'),
(57, '166', '17:00:00'),
(58, '166', '17:30:00'),
(59, '166', '18:00:00'),
(60, '166', '18:30:00'),
(61, '166', '19:00:00'),
(62, '166', '19:30:00'),
(63, '166', '20:00:00'),
(64, '166', '20:30:00'),
(65, '166', '21:00:00'),
(66, '166', '21:30:00'),
(67, '166', '22:00:00'),
(68, '166', '22:30:00'),
(69, '166', '23:00:00'),
(70, '166', '23:30:00'),
(71, '166', '23:45:00'),
(72, '198', '06:15:00'),
(73, '198', '06:35:00'),
(74, '198', '07:15:00'),
(75, '198', '08:35:00'),
(76, '198', '08:15:00'),
(77, '198', '09:35:00'),
(78, '198', '09:15:00'),
(79, '198', '10:35:00'),
(80, '198', '10:15:00'),
(81, '198', '11:35:00'),
(82, '198', '11:15:00'),
(83, '198', '12:35:00'),
(84, '198', '12:15:00'),
(85, '198', '13:35:00'),
(86, '198', '13:15:00'),
(87, '198', '14:35:00'),
(88, '198', '14:15:00'),
(89, '198', '15:35:00'),
(90, '198', '15:15:00'),
(91, '198', '16:35:00'),
(92, '198', '16:15:00'),
(93, '198', '17:35:00'),
(94, '198', '17:15:00'),
(95, '198', '18:35:00'),
(96, '198', '18:15:00'),
(97, '198', '19:35:00'),
(98, '198', '19:15:00'),
(99, '198', '20:35:00'),
(100, '198', '20:15:00'),
(101, '198', '21:35:00'),
(102, '198', '21:15:00'),
(103, '198', '22:35:00'),
(104, '198', '22:15:00'),
(105, '198', '23:35:00'),
(106, '198', '23:40:00'),
(107, '198', '23:45:00'),
(108, '198', '23:55:00'),
(109, '198', '23:58:24'),
(110, '48', '05:15:00'),
(111, '48', '05:35:00'),
(112, '48', '06:15:00'),
(113, '48', '08:35:00'),
(114, '48', '08:15:00'),
(115, '48', '09:35:00'),
(116, '48', '09:15:00'),
(117, '48', '10:35:00'),
(118, '48', '10:15:00'),
(119, '48', '11:35:00'),
(120, '48', '11:15:00'),
(121, '48', '12:35:00'),
(122, '48', '12:15:00'),
(123, '48', '13:35:00'),
(124, '48', '13:15:00'),
(125, '48', '14:35:00'),
(126, '48', '14:15:00'),
(127, '48', '15:35:00'),
(128, '48', '15:15:00'),
(129, '48', '16:35:00'),
(130, '48', '16:15:00'),
(131, '48', '17:35:00'),
(132, '48', '17:15:00'),
(133, '48', '18:35:00'),
(134, '48', '18:15:00'),
(135, '48', '19:35:00'),
(136, '48', '19:15:00'),
(137, '48', '20:35:00'),
(138, '48', '20:15:00'),
(139, '48', '21:35:00'),
(140, '48', '21:15:00'),
(141, '48', '22:35:00'),
(142, '48', '22:25:00'),
(143, '48', '23:35:00'),
(144, '48', '23:40:00'),
(145, '48', '23:55:00'),
(146, '111', '05:15:00'),
(147, '111', '05:35:00'),
(148, '111', '06:15:00'),
(149, '111', '08:35:00'),
(150, '111', '08:15:00'),
(151, '111', '09:35:00'),
(152, '111', '09:15:00'),
(153, '111', '10:35:00'),
(154, '111', '10:15:00'),
(155, '111', '11:35:00'),
(156, '111', '11:15:00'),
(157, '111', '12:35:00'),
(158, '111', '12:15:00'),
(159, '111', '13:35:00'),
(160, '111', '13:15:00'),
(161, '111', '14:35:00'),
(162, '111', '14:15:00'),
(163, '111', '15:35:00'),
(164, '111', '15:15:00'),
(165, '111', '16:35:00'),
(166, '111', '16:15:00'),
(167, '111', '17:35:00'),
(168, '111', '17:15:00'),
(169, '111', '18:35:00'),
(170, '111', '18:15:00'),
(171, '111', '19:35:00'),
(172, '111', '19:15:00'),
(173, '111', '20:35:00'),
(174, '111', '20:15:00'),
(175, '111', '21:35:00'),
(176, '111', '21:15:00'),
(177, '111', '22:35:00'),
(178, '111', '22:25:00'),
(179, '111', '23:35:00'),
(180, '111', '23:40:00'),
(181, '111', '23:55:00'),
(182, '214', '05:15:00'),
(183, '214', '05:35:00'),
(184, '214', '06:15:00'),
(185, '214', '08:35:00'),
(186, '214', '08:15:00'),
(187, '214', '09:35:00'),
(188, '214', '09:15:00'),
(189, '214', '10:35:00'),
(190, '214', '10:15:00'),
(191, '214', '11:35:00'),
(192, '214', '11:15:00'),
(193, '214', '12:35:00'),
(194, '214', '12:15:00'),
(195, '214', '13:35:00'),
(196, '214', '13:15:00'),
(197, '214', '14:35:00'),
(198, '214', '14:15:00'),
(199, '214', '15:35:00'),
(200, '214', '15:15:00'),
(201, '214', '16:35:00'),
(202, '214', '16:15:00'),
(203, '214', '17:35:00'),
(204, '214', '17:15:00'),
(205, '214', '18:35:00'),
(206, '214', '18:15:00'),
(207, '214', '19:35:00'),
(208, '214', '19:15:00'),
(209, '214', '20:35:00'),
(210, '214', '20:15:00'),
(211, '214', '21:35:00'),
(212, '214', '21:15:00'),
(213, '214', '22:35:00'),
(214, '214', '22:25:00'),
(215, '214', '23:35:00'),
(216, '214', '23:40:00'),
(217, '214', '23:55:00'),
(218, '215', '05:15:00'),
(219, '215', '05:35:00'),
(220, '215', '06:15:00'),
(221, '215', '08:35:00'),
(222, '215', '08:15:00'),
(223, '215', '09:35:00'),
(224, '215', '09:15:00'),
(225, '215', '10:35:00'),
(226, '215', '10:15:00'),
(227, '215', '11:35:00'),
(228, '215', '11:15:00'),
(229, '215', '12:35:00'),
(230, '215', '12:15:00'),
(231, '215', '13:35:00'),
(232, '215', '13:15:00'),
(233, '215', '14:35:00'),
(234, '215', '14:15:00'),
(235, '215', '15:35:00'),
(236, '215', '15:15:00'),
(237, '215', '16:35:00'),
(238, '215', '16:15:00'),
(239, '215', '17:35:00'),
(240, '215', '17:15:00'),
(241, '215', '18:35:00'),
(242, '215', '18:15:00'),
(243, '215', '19:35:00'),
(244, '215', '19:15:00'),
(245, '215', '20:35:00'),
(246, '215', '20:15:00'),
(247, '215', '21:35:00'),
(248, '215', '21:15:00'),
(249, '215', '22:35:00'),
(250, '215', '22:25:00'),
(251, '215', '23:35:00'),
(252, '215', '23:40:00'),
(253, '215', '23:55:00'),
(254, '216', '06:15:00'),
(255, '216', '06:35:00'),
(256, '216', '06:55:00'),
(257, '216', '08:35:00'),
(258, '216', '08:15:00'),
(259, '216', '09:35:00'),
(260, '216', '09:15:00'),
(261, '216', '10:35:00'),
(262, '216', '10:15:00'),
(263, '216', '11:35:00'),
(264, '216', '11:15:00'),
(265, '216', '12:35:00'),
(266, '216', '12:15:00'),
(267, '216', '13:35:00'),
(268, '216', '13:15:00'),
(269, '216', '14:35:00'),
(270, '216', '14:15:00'),
(271, '216', '15:35:00'),
(272, '216', '15:15:00'),
(273, '216', '16:35:00'),
(274, '216', '16:15:00'),
(275, '216', '17:35:00'),
(276, '216', '17:15:00'),
(277, '216', '18:35:00'),
(278, '216', '18:15:00'),
(279, '216', '19:35:00'),
(280, '216', '19:15:00'),
(281, '216', '20:35:00'),
(282, '216', '20:15:00'),
(283, '216', '21:35:00'),
(284, '216', '21:15:00'),
(285, '216', '22:35:00'),
(286, '216', '22:25:00'),
(287, '216', '23:35:00'),
(288, '216', '23:40:00'),
(289, '216', '23:55:00'),
(290, '217', '06:15:00'),
(291, '217', '06:35:00'),
(292, '217', '06:55:00'),
(293, '217', '08:35:00'),
(294, '217', '08:15:00'),
(295, '217', '09:35:00'),
(296, '217', '09:15:00'),
(297, '217', '10:35:00'),
(298, '217', '10:15:00'),
(299, '217', '11:35:00'),
(300, '217', '11:15:00'),
(301, '217', '12:35:00'),
(302, '217', '12:15:00'),
(303, '217', '13:35:00'),
(304, '217', '13:15:00'),
(305, '217', '14:35:00'),
(306, '217', '14:15:00'),
(307, '217', '15:35:00'),
(308, '217', '15:15:00'),
(309, '217', '16:35:00'),
(310, '217', '16:15:00'),
(311, '217', '17:35:00'),
(312, '217', '17:15:00'),
(313, '217', '18:35:00'),
(314, '217', '18:15:00'),
(315, '217', '19:35:00'),
(316, '217', '19:15:00'),
(317, '217', '20:35:00'),
(318, '217', '20:15:00'),
(319, '217', '21:35:00'),
(320, '217', '21:15:00'),
(321, '217', '22:35:00'),
(322, '217', '22:25:00'),
(323, '217', '23:35:00'),
(324, '217', '23:40:00'),
(325, '217', '23:55:00'),
(326, '218', '06:15:00'),
(327, '218', '06:35:00'),
(328, '218', '06:55:00'),
(329, '218', '08:35:00'),
(330, '218', '08:15:00'),
(331, '218', '09:35:00'),
(332, '218', '09:15:00'),
(333, '218', '10:35:00'),
(334, '218', '10:15:00'),
(335, '218', '11:35:00'),
(336, '218', '11:15:00'),
(337, '218', '12:35:00'),
(338, '218', '12:15:00'),
(339, '218', '13:35:00'),
(340, '218', '13:15:00'),
(341, '218', '14:35:00'),
(342, '218', '14:15:00'),
(343, '218', '15:35:00'),
(344, '218', '15:15:00'),
(345, '218', '16:35:00'),
(346, '218', '16:15:00'),
(347, '218', '17:35:00'),
(348, '218', '17:15:00'),
(349, '218', '18:35:00'),
(350, '218', '18:15:00'),
(351, '218', '19:35:00'),
(352, '218', '19:15:00'),
(353, '218', '20:35:00'),
(354, '218', '20:15:00'),
(355, '218', '21:35:00'),
(356, '218', '21:15:00'),
(357, '218', '22:35:00'),
(358, '218', '22:25:00'),
(359, '218', '23:35:00'),
(360, '218', '23:40:00'),
(361, '218', '23:55:00');

-- --------------------------------------------------------

--
-- Table structure for table `bus_stop`
--

CREATE TABLE IF NOT EXISTS `bus_stop` (
  `id` int(11) NOT NULL AUTO_INCREMENT,
  `code` varchar(255) COLLATE utf8_unicode_ci NOT NULL,
  `road` varchar(255) COLLATE utf8_unicode_ci NOT NULL,
  `description` varchar(255) COLLATE utf8_unicode_ci NOT NULL,
  `summary` varchar(255) COLLATE utf8_unicode_ci NOT NULL,
  `lat` varchar(255) COLLATE utf8_unicode_ci NOT NULL,
  `lng` varchar(255) COLLATE utf8_unicode_ci NOT NULL,
  PRIMARY KEY (`id`)
) ENGINE=InnoDB  DEFAULT CHARSET=utf8 COLLATE=utf8_unicode_ci AUTO_INCREMENT=266 ;

--
-- Dumping data for table `bus_stop`
--

INSERT INTO `bus_stop` (`id`, `code`, `road`, `description`, `summary`, `lat`, `lng`) VALUES
(1, '01013', 'Victoria St', 'St. Joseph''s Ch', 'Code: 01013 Roa Victoria St Description: St. Joseph''s Ch ', '1.29770970610083', '103.8532247463225'),
(2, '01019', 'Victoria St', 'Bras Basah Cplx', 'Code: 01019 Roa Victoria St Description: Bras Basah Cplx ', '1.29698951191332', '103.85302201172507'),
(3, '01029', 'Nth Bridge Rd', 'Cosmic Insurance Bldg', 'Code: 01029 Roa Nth Bridge Rd Description: Cosmic Insurance Bldg ', '1.2966729849642', '103.85441422464267'),
(4, '01039', 'Nth Bridge Rd', 'Nth Bridge Commercial Cplx', 'Code: 01039 Roa Nth Bridge Rd Description: Nth Bridge Commercial Cplx ', '1.29820784139683', '103.85549139837407'),
(5, '01059', 'Victoria St', 'Bugis Stn', 'Code: 01059 Roa Victoria St Description: Bugis Stn ', '1.30111133494285', '103.85644114964397'),
(6, '01109', 'Queen St', 'Queen St Ter', 'Code: 01109 Roa Queen St Description: Queen St Ter ', '1.30358577565355', '103.85650372998224'),
(7, '01112', 'Victoria St', 'Opp Bugis Junction', 'Code: 01112 Roa Victoria St Description: Opp Bugis Junction ', '1.30015494414022', '103.8552332285516'),
(8, '01113', 'Victoria St', 'Bugis Stn', 'Code: 01113 Roa Victoria St Description: Bugis Stn ', '1.30117297541547', '103.8561140106393'),
(9, '01119', 'Victoria St', 'Bugis Junction', 'Code: 01119 Roa Victoria St Description: Bugis Junction ', '1.2996041093804', '103.85512934079571'),
(10, '01121', 'Victoria St', 'Stamford Pr Sch', 'Code: 01121 Roa Victoria St Description: Stamford Pr Sch ', '1.30393809691048', '103.85867999243207'),
(11, '01129', 'Victoria St', 'Opp Stamford Pr Sch', 'Code: 01129 Roa Victoria St Description: Opp Stamford Pr Sch ', '1.30350269187301', '103.85864530718491'),
(12, '01139', 'Nth Bridge Rd', 'Parkview Sq', 'Code: 01139 Roa Nth Bridge Rd Description: Parkview Sq ', '1.30033057855542', '103.85716080665901'),
(13, '01211', 'Victoria St', 'Opp Blk 461', 'Code: 01211 Roa Victoria St Description: Opp Blk 461 ', '1.30551803523268', '103.8605449516032'),
(14, '01219', 'Victoria St', 'Blk 461', 'Code: 01219 Roa Victoria St Description: Blk 461 ', '1.30526598535719', '103.86072019914616'),
(15, '01229', 'Nth Bridge Rd', 'Bef Sultan Mque', 'Code: 01229 Roa Nth Bridge Rd Description: Bef Sultan Mque ', '1.30337552638813', '103.85963089198265'),
(16, '01231', 'Jln Sultan', 'Opp Textile Ctr', 'Code: 01231 Roa Jln Sultan Description: Opp Textile Ctr ', '1.3032499999752', '103.8610830559663'),
(17, '01239', 'Jln Sultan', 'Sultan Plaza', 'Code: 01239 Roa Jln Sultan Description: Sultan Plaza ', '1.30291236608351', '103.86161817611134'),
(18, '01311', 'Kallang Rd', 'Lavender Stn', 'Code: 01311 Roa Kallang Rd Description: Lavender Stn ', '1.3070916463394', '103.86219695240973'),
(19, '01319', 'Kallang Rd', 'Lavender Stn', 'Code: 01319 Roa Kallang Rd Description: Lavender Stn ', '1.30757426746418', '103.86325596123476'),
(20, '01329', 'Nth Bridge Rd', 'Blk 8', 'Code: 01329 Roa Nth Bridge Rd Description: Blk 8 ', '1.30495670239172', '103.86363028484124'),
(21, '01339', 'Crawford St', 'Bef Crawford Bridge', 'Code: 01339 Roa Crawford St Description: Bef Crawford Bridge ', '1.30774601733202', '103.8642627465441'),
(22, '01341', 'Crawford St', 'Southbank', 'Code: 01341 Roa Crawford St Description: Southbank ', '1.30647555600578', '103.86452527798744'),
(23, '01349', 'Crawford St', 'Opp Blk 4', 'Code: 01349 Roa Crawford St Description: Opp Blk 4 ', '1.30568635716829', '103.86543994417883'),
(24, '01411', 'Beach Rd', 'Keypoint Bldg', 'Code: 01411 Roa Beach Rd Description: Keypoint Bldg ', '1.30211332865049', '103.86295598167331'),
(25, '01419', 'Beach Rd', 'St. John HQ', 'Code: 01419 Roa Beach Rd Description: St. John HQ ', '1.3020199999911', '103.86326333301203'),
(26, '01421', 'Beach Rd', 'Opp Golden Mile Cplx', 'Code: 01421 Roa Beach Rd Description: Opp Golden Mile Cplx ', '1.30338444400173', '103.86483888898641'),
(27, '01429', 'Beach Rd', 'Golden Mile Cplx', 'Code: 01429 Roa Beach Rd Description: Golden Mile Cplx ', '1.3032136089394', '103.86501584807763'),
(28, '01511', 'Beach Rd', 'Opp The Gateway', 'Code: 01511 Roa Beach Rd Description: Opp The Gateway ', '1.29919826103807', '103.85864518302436'),
(29, '01519', 'Beach Rd', 'The Gateway', 'Code: 01519 Roa Beach Rd Description: The Gateway ', '1.29907492488417', '103.8589102973441'),
(30, '01521', 'Beach Rd', 'Opp Plaza Parkroyal', 'Code: 01521 Roa Beach Rd Description: Opp Plaza Parkroyal ', '1.30088304437602', '103.86066098182194'),
(31, '01529', 'Beach Rd', 'Plaza Parkroyal', 'Code: 01529 Roa Beach Rd Description: Plaza Parkroyal ', '1.30041667676526', '103.86044115259938'),
(32, '01541', 'Rochor Rd', ' Aft Beach Rd', 'Code: 01541 Roa Rochor Rd Description:  Aft Beach Rd ', '1.29886465442254', '103.85734583628746'),
(33, '01549', 'Ophir Rd', ' Near Bali Lane', 'Code: 01549 Roa Ophir Rd Description:  Near Bali Lane ', '1.30069868861162', '103.85873120467069'),
(34, '01559', 'Ophir Rd', 'Landmark Village Hotel', 'Code: 01559 Roa Ophir Rd Description: Landmark Village Hotel ', '1.30168731070562', '103.85752923961614'),
(35, '01611', 'Beach Rd', 'Raffles Hotel', 'Code: 01611 Roa Beach Rd Description: Raffles Hotel ', '1.29529638630566', '103.85539039969967'),
(36, '01619', 'Beach Rd', 'Opp Raffles Hotel', 'Code: 01619 Roa Beach Rd Description: Opp Raffles Hotel ', '1.29428694178246', '103.85503809424233'),
(37, '01621', 'Beach Rd', 'Opp Shaw Twrs', 'Code: 01621 Roa Beach Rd Description: Opp Shaw Twrs ', '1.29695888888745', '103.85655611109846'),
(38, '01629', 'Beach Rd', 'Shaw Twrs', 'Code: 01629 Roa Beach Rd Description: Shaw Twrs ', '1.29695972219958', '103.85686527780177'),
(39, '01631', 'Middle Rd', 'Aft Beach Rd', 'Code: 01631 Roa Middle Rd Description: Aft Beach Rd ', '1.29693614589482', '103.85580555528077'),
(40, '01639', 'Middle Rd', 'Bef Beach Rd', 'Code: 01639 Roa Middle Rd Description: Bef Beach Rd ', '1.29738750001468', '103.85557583297624'),
(41, '02011', 'Fullerton Rd', 'Victoria Concert Hall', 'Code: 02011 Roa Fullerton Rd Description: Victoria Concert Hall ', '1.28829500000607', '103.85208888899206'),
(42, '02029', 'Connaught Dr', 'Opp S''pore Cricket Club', 'Code: 02029 Roa Connaught Dr Description: Opp S''pore Cricket Club ', '1.28896861101158', '103.853006943972'),
(43, '02031', 'Coleman St', 'Opp The Adelphi', 'Code: 02031 Roa Coleman St Description: Opp The Adelphi ', '1.29141338913811', '103.85264858011732'),
(44, '02049', 'Bras Basah Rd', 'Raffles Hotel', 'Code: 02049 Roa Bras Basah Rd Description: Raffles Hotel ', '1.29456850155172', '103.85401203720524'),
(45, '02051', 'Raffles Ave', 'Seating Gallery', 'Code: 02051 Roa Raffles Ave Description: Seating Gallery ', '1.2895030556082', '103.85903388899317'),
(46, '02061', 'Raffles Ave', 'The Esplanade', 'Code: 02061 Roa Raffles Ave Description: The Esplanade ', '1.2899638888957', '103.85640388886262'),
(47, '02089', 'Raffles Blvd', 'Pan Pacific Hotel', 'Code: 02089 Roa Raffles Blvd Description: Pan Pacific Hotel ', '1.29152694444975', '103.8592061110504'),
(48, '02099', 'Raffles Blvd', 'Marina Ctr Ter', 'Code: 02099 Roa Raffles Blvd Description: Marina Ctr Ter ', '1.29101661693418', '103.86255772172497'),
(49, '02101', 'Raffles Ave', 'Bef Temasek Ave', 'Code: 02101 Roa Raffles Ave Description: Bef Temasek Ave ', '1.28938483786922', '103.86191000333795'),
(50, '02111', 'Esplanade Dr', 'Esplanade Bridge', 'Code: 02111 Roa Esplanade Dr Description: Esplanade Bridge ', '1.29095592348389', '103.85453419435228'),
(51, '02119', 'Nicoll Highway', 'One Raffles Link', 'Code: 02119 Roa Nicoll Highway Description: One Raffles Link ', '1.29184407356581', '103.85534334305085'),
(52, '02141', 'Temasek Blvd', 'Suntec Twr Two', 'Code: 02141 Roa Temasek Blvd Description: Suntec Twr Two ', '1.29576571603037', '103.85933814632858'),
(53, '02149', 'Temasek Blvd', 'Suntec Twr Three', 'Code: 02149 Roa Temasek Blvd Description: Suntec Twr Three ', '1.29560459817725', '103.85955533029184'),
(54, '02151', 'Temasek Blvd', 'Suntec Convention Ctr', 'Code: 02151 Roa Temasek Blvd Description: Suntec Convention Ctr ', '1.29317776320814', '103.85784623004031'),
(55, '02159', 'Temasek Blvd', 'Opp Suntec Convention Ctr', 'Code: 02159 Roa Temasek Blvd Description: Opp Suntec Convention Ctr ', '1.29355100518251', '103.85838174394934'),
(56, '02161', 'Temasek Ave', 'Opp Millenia Twr', 'Code: 02161 Roa Temasek Ave Description: Opp Millenia Twr ', '1.29252611118627', '103.8608911110568'),
(57, '02169', 'Temasek Ave', 'Centennial Twr', 'Code: 02169 Roa Temasek Ave Description: Centennial Twr ', '1.29345972028912', '103.8606121223996'),
(58, '02171', 'Temasek Ave', 'Opp The Ritz-Carlton', 'Code: 02171 Roa Temasek Ave Description: Opp The Ritz-Carlton ', '1.29070000003898', '103.86092194446034'),
(59, '02181', 'Parliament Pl', 'Supreme Ct', 'Code: 02181 Roa Parliament Pl Description: Supreme Ct ', '1.28947444402148', '103.85098166700017'),
(60, '03011', 'Fullerton Rd', 'Fullerton Sq', 'Code: 03011 Roa Fullerton Rd Description: Fullerton Sq ', '1.2855975891826', '103.85333597704485'),
(61, '03019', 'Collyer Quay', 'OUE Bayfront', 'Code: 03019 Roa Collyer Quay Description: OUE Bayfront ', '1.284245000013', '103.85310805599599'),
(62, '03021', 'Cecil St', 'Prudential Twr', 'Code: 03021 Roa Cecil St Description: Prudential Twr ', '1.28255524603003', '103.84998903789258'),
(63, '03031', 'Robinson Rd', 'Opp AIA Twr', 'Code: 03031 Roa Robinson Rd Description: Opp AIA Twr ', '1.28207492207952', '103.85086074925066'),
(64, '03041', 'Cross St', 'Opp PWC Bldg', 'Code: 03041 Roa Cross St Description: Opp PWC Bldg ', '1.28179509394707', '103.84893207391676'),
(65, '03059', 'Raffles Quay', 'One Raffles Quay', 'Code: 03059 Roa Raffles Quay Description: One Raffles Quay ', '1.28097649556002', '103.85135652579491'),
(66, '03071', 'Robinson Rd', 'Opp The Ogilvy Ctr', 'Code: 03071 Roa Robinson Rd Description: Opp The Ogilvy Ctr ', '1.27992132484601', '103.8493803167706'),
(67, '03111', 'Robinson Rd', 'Aft Capital Twr', 'Code: 03111 Roa Robinson Rd Description: Aft Capital Twr ', '1.2778259536079', '103.8481011719729'),
(68, '03129', 'Shenton Way', 'UIC Bldg', 'Code: 03129 Roa Shenton Way Description: UIC Bldg ', '1.27807003532092', '103.84956718123823'),
(69, '03151', 'Cecil St', 'Opp GB Bldg', 'Code: 03151 Roa Cecil St Description: Opp GB Bldg ', '1.27892124625262', '103.84776234627124'),
(70, '03211', 'Palmer Rd', 'Bef Shenton Way', 'Code: 03211 Roa Palmer Rd Description: Bef Shenton Way ', '1.27327487841145', '103.84664467655745'),
(71, '03217', 'Shenton Way', 'Opp Temasek Twr', 'Code: 03217 Roa Shenton Way Description: Opp Temasek Twr ', '1.27543295918112', '103.84786227611593'),
(72, '03218', 'Shenton Way', 'Opp MAS Bldg', 'Code: 03218 Roa Shenton Way Description: Opp MAS Bldg ', '1.2740788888387', '103.84687388890413'),
(73, '03219', 'Palmer Rd', 'Aft Shenton Way', 'Code: 03219 Roa Palmer Rd Description: Aft Shenton Way ', '1.2732350000748', '103.84731600001383'),
(74, '03222', 'Anson Rd', 'Hub Synergy Pt', 'Code: 03222 Roa Anson Rd Description: Hub Synergy Pt ', '1.27397836925637', '103.84489562922414'),
(75, '03223', 'Anson Rd', 'Intl Plaza', 'Code: 03223 Roa Anson Rd Description: Intl Plaza ', '1.2757033952327', '103.84632468221952'),
(76, '03239', 'Palmer Rd', 'Shenton Way Ter', 'Code: 03239 Roa Palmer Rd Description: Shenton Way Ter ', '1.27290689171187', '103.84670669187001'),
(77, '03311', 'Marina St', 'Marina Bay Stn', 'Code: 03311 Roa Marina St Description: Marina Bay Stn ', '', ''),
(78, '03319', 'Marina St', 'Opp Marina Bay Stn', 'Code: 03319 Roa Marina St Description: Opp Marina Bay Stn ', '', ''),
(79, '03321', 'Marina Pl', 'Bef Marina City Pk', 'Code: 03321 Roa Marina Pl Description: Bef Marina City Pk ', '', ''),
(80, '03329', 'Marina Pl', 'Aft Marina City Pk', 'Code: 03329 Roa Marina Pl Description: Aft Marina City Pk ', '', ''),
(81, '03331', 'Marina Blvd', 'Bef Marina Gdns Dr', 'Code: 03331 Roa Marina Blvd Description: Bef Marina Gdns Dr ', '1.27663307202767', '103.86076808024792'),
(82, '03339', 'Central Blvd', 'Aft Marina Gdns Dr', 'Code: 03339 Roa Central Blvd Description: Aft Marina Gdns Dr ', '1.27498516412784', '103.85950016250487'),
(83, '03341', 'Marina Gdns Dr', 'Bef Gdns by the Bay', 'Code: 03341 Roa Marina Gdns Dr Description: Bef Gdns by the Bay ', '1.27959780011944', '103.8643376844082'),
(84, '03349', 'Marina Gdns Dr', 'Aft Gdns by the Bay', 'Code: 03349 Roa Marina Gdns Dr Description: Aft Gdns by the Bay ', '1.27965600609923', '103.8647780795552'),
(85, '03359', 'Marina Stn Rd', 'Aft Marina St', 'Code: 03359 Roa Marina Stn Rd Description: Aft Marina St ', '', ''),
(86, '03369', 'Marina Gdns Dr', 'Marina Barrage', 'Code: 03369 Roa Marina Gdns Dr Description: Marina Barrage ', '1.27960772061959', '103.8698744774074'),
(87, '03371', 'Marina Gdns Dr', 'Gdns by the Bay', 'Code: 03371 Roa Marina Gdns Dr Description: Gdns by the Bay ', '1.28066479303461', '103.86626955523418'),
(88, '03381', 'Marina Blvd', 'The Sail', 'Code: 03381 Roa Marina Blvd Description: The Sail ', '1.28161887490499', '103.85309725999453'),
(89, '03391', 'Marina Blvd', 'Marina Bay Financial Ctr', 'Code: 03391 Roa Marina Blvd Description: Marina Bay Financial Ctr ', '1.28037660340352', '103.85498006767988'),
(90, '03411', 'Marina Coastal Dr', 'Opp Marina Sth Pier', 'Code: 03411 Roa Marina Coastal Dr Description: Opp Marina Sth Pier ', '1.27159299884076', '103.86300900488229'),
(91, '03419', 'Marina Coastal Dr', 'Marina Sth Pier', 'Code: 03419 Roa Marina Coastal Dr Description: Marina Sth Pier ', '1.27127698470973', '103.86297693157816'),
(92, '03421', 'Marina Coastal Dr', 'Marina Bay Cruise Ctr', 'Code: 03421 Roa Marina Coastal Dr Description: Marina Bay Cruise Ctr ', '1.26694090294712', '103.85964778134667'),
(93, '03501', 'Bayfront Ave', 'Marina Bay Sands Theatre', 'Code: 03501 Roa Bayfront Ave Description: Marina Bay Sands Theatre ', '1.28500467671367', '103.8606110538643'),
(94, '03509', 'Bayfront Ave', 'Marina Bay Sands Hotel', 'Code: 03509 Roa Bayfront Ave Description: Marina Bay Sands Hotel ', '1.28314999997332', '103.86004388891767'),
(95, '03511', 'Bayfront Ave', 'Marina Bay Sands MICE', 'Code: 03511 Roa Bayfront Ave Description: Marina Bay Sands MICE ', '1.28194779470571', '103.85897064872482'),
(96, '03519', 'Bayfront Ave', 'Opp Marina Bay Sands MICE', 'Code: 03519 Roa Bayfront Ave Description: Opp Marina Bay Sands MICE ', '1.28124500000125', '103.85884799997385'),
(97, '03529', 'Central Blvd', 'Downtown Stn', 'Code: 03529 Roa Central Blvd Description: Downtown Stn ', '1.27939957419063', '103.85278769921703'),
(98, '03531', 'Central Blvd', 'Bef Marina Way', 'Code: 03531 Roa Central Blvd Description: Bef Marina Way ', '', ''),
(99, '03539', 'Central Blvd', 'Marina Bay Stn', 'Code: 03539 Roa Central Blvd Description: Marina Bay Stn ', '1.2775330547661', '103.85561610012866'),
(100, '04111', 'Stamford Rd', 'Capitol Bldg', 'Code: 04111 Roa Stamford Rd Description: Capitol Bldg ', '1.29395563140214', '103.85133504904226'),
(101, '04121', 'Stamford Rd', 'SMU', 'Code: 04121 Roa Stamford Rd Description: SMU ', '1.29612595439524', '103.84958624839338'),
(102, '04142', 'Hill St', 'Armenian Ch', 'Code: 04142 Roa Hill St Description: Armenian Ch ', '1.2930982644668', '103.84965994500728'),
(103, '04143', 'Hill St', 'Stamford Ct', 'Code: 04143 Roa Hill St Description: Stamford Ct ', '1.29411640848293', '103.85020606905503'),
(104, '04149', 'Hill St', 'Grand Park City Hall', 'Code: 04149 Roa Hill St Description: Grand Park City Hall ', '1.29276132399953', '103.84983741344308'),
(105, '04151', 'Victoria St', 'Cath of The Good Shepherd', 'Code: 04151 Roa Victoria St Description: Cath of The Good Shepherd ', '1.29533777799211', '103.85113972198121'),
(106, '04159', 'Victoria St', 'Aft Chijmes', 'Code: 04159 Roa Victoria St Description: Aft Chijmes ', '1.29489484954945', '103.85108138663934'),
(107, '04167', 'Nth Bridge Rd', 'St. Andrew''s Cath', 'Code: 04167 Roa Nth Bridge Rd Description: St. Andrew''s Cath ', '1.29250006522444', '103.85145315468638'),
(108, '04168', 'Nth Bridge Rd', 'Opp Peninsula Plaza', 'Code: 04168 Roa Nth Bridge Rd Description: Opp Peninsula Plaza ', '1.29208221483052', '103.85125994680256'),
(109, '04179', 'Bras Basah Rd', 'NTUC Income Ctr', 'Code: 04179 Roa Bras Basah Rd Description: NTUC Income Ctr ', '1.2963887435606', '103.85152280327658'),
(110, '04189', 'Bras Basah Rd', 'Manulife Ctr', 'Code: 04189 Roa Bras Basah Rd Description: Manulife Ctr ', '1.29780475650708', '103.84974999998344'),
(111, '04211', 'River Valley Rd', 'Clarke Quay', 'Code: 04211 Roa River Valley Rd Description: Clarke Quay ', '1.29043611099357', '103.84712444398055'),
(112, '04219', 'River Valley Rd', 'Opp Clarke Quay', 'Code: 04219 Roa River Valley Rd Description: Opp Clarke Quay ', '1.29096802754795', '103.84686777836987'),
(113, '04222', 'Eu Tong Sen St', 'Clarke Quay Stn', 'Code: 04222 Roa Eu Tong Sen St Description: Clarke Quay Stn ', '1.28898962180798', '103.84708976365569'),
(114, '04223', 'Hill St', 'Old Hill St Police Stn', 'Code: 04223 Roa Hill St Description: Old Hill St Police Stn ', '1.29084476137495', '103.84857901022669'),
(115, '04229', 'Hill St', 'High St Ctr', 'Code: 04229 Roa Hill St Description: High St Ctr ', '1.29044830830726', '103.84875123545265'),
(116, '04239', 'New Bridge Rd', 'Clarke Quay Stn', 'Code: 04239 Roa New Bridge Rd Description: Clarke Quay Stn ', '1.28882717929599', '103.8474938118651'),
(117, '04249', 'Nth Bridge Rd', 'Opp The Treasury', 'Code: 04249 Roa Nth Bridge Rd Description: Opp The Treasury ', '1.29043039362749', '103.85026216508201'),
(118, '04251', 'Nth Boat Quay', 'Opp High St Ctr', 'Code: 04251 Roa Nth Boat Quay Description: Opp High St Ctr ', '1.28973833297563', '103.84888472198024'),
(119, '04311', 'Clemenceau Ave', 'Aft River Valley Rd', 'Code: 04311 Roa Clemenceau Ave Description: Aft River Valley Rd ', '1.29464575337351', '103.8439214229312'),
(120, '04321', 'Clemenceau Ave', 'Shell Hse', 'Code: 04321 Roa Clemenceau Ave Description: Shell Hse ', '1.2921400077773', '103.84303646191061'),
(121, '04329', 'Clemenceau Ave', 'Opp Shell Hse', 'Code: 04329 Roa Clemenceau Ave Description: Opp Shell Hse ', '1.29197057108024', '103.84328384973516'),
(122, '04331', 'River Valley Rd', 'Liang Ct', 'Code: 04331 Roa River Valley Rd Description: Liang Ct ', '1.29183939431601', '103.84504089382705'),
(123, '04339', 'River Valley Rd', 'Opp Liang Ct', 'Code: 04339 Roa River Valley Rd Description: Opp Liang Ct ', '1.29221099996741', '103.84500500002959'),
(124, '05009', 'Nth Canal Rd', 'Opp OCBC Ctr', 'Code: 05009 Roa Nth Canal Rd Description: Opp OCBC Ctr ', '1.28592554082489', '103.84923642965272'),
(125, '05012', 'Eu Tong Sen St', 'Pearl''s Ctr', 'Code: 05012 Roa Eu Tong Sen St Description: Pearl''s Ctr ', '1.28154583300728', '103.84087722199499'),
(126, '05013', 'Eu Tong Sen St', 'People''s Pk Cplx', 'Code: 05013 Roa Eu Tong Sen St Description: People''s Pk Cplx ', '1.28406979945936', '103.84299874303983'),
(127, '05019', 'New Bridge Rd', 'Opp Pearl''s Ctr', 'Code: 05019 Roa New Bridge Rd Description: Opp Pearl''s Ctr ', '1.28118388885484', '103.84105000000471'),
(128, '05022', 'Eu Tong Sen St', 'People''s Pk Ctr', 'Code: 05022 Roa Eu Tong Sen St Description: People''s Pk Ctr ', '1.28571089865595', '103.84437203405348'),
(129, '05023', 'Eu Tong Sen St', 'Opp Hong Lim Pk', 'Code: 05023 Roa Eu Tong Sen St Description: Opp Hong Lim Pk ', '1.28692928357498', '103.84540375642477'),
(130, '05029', 'Sth Bridge Rd', 'Boat Quay', 'Code: 05029 Roa Sth Bridge Rd Description: Boat Quay ', '1.28724656561704', '103.84833343750249'),
(131, '05039', 'New Bridge Rd', 'New Bridge Ctr', 'Code: 05039 Roa New Bridge Rd Description: New Bridge Ctr ', '1.28293819129834', '103.84254276754574'),
(132, '05049', 'New Bridge Rd', 'Chinatown Pt', 'Code: 05049 Roa New Bridge Rd Description: Chinatown Pt ', '1.28531114761754', '103.84455070696784'),
(133, '05059', 'New Bridge Rd', 'Hong Lim Pk', 'Code: 05059 Roa New Bridge Rd Description: Hong Lim Pk ', '1.28676420118491', '103.84575036447065'),
(134, '05069', 'New Bridge Rd', 'Outram Pk Stn', 'Code: 05069 Roa New Bridge Rd Description: Outram Pk Stn ', '1.28027629959632', '103.84029791443083'),
(135, '05129', 'Upp Pickering St', 'Hong Lim Pk', 'Code: 05129 Roa Upp Pickering St Description: Hong Lim Pk ', '1.28601166699569', '103.84634666701143'),
(136, '05131', 'Upp Cross St', 'Opp Hong Lim Cplx', 'Code: 05131 Roa Upp Cross St Description: Opp Hong Lim Cplx ', '1.28398513155185', '103.84527387289731'),
(137, '05189', 'Sth Bridge Rd', 'Opp Sri Mariamman Tp', 'Code: 05189 Roa Sth Bridge Rd Description: Opp Sri Mariamman Tp ', '1.2820913960391', '103.84528061446953'),
(138, '05199', 'Sth Bridge Rd', 'Opp Hong Lim Cplx', 'Code: 05199 Roa Sth Bridge Rd Description: Opp Hong Lim Cplx ', '1.28447078699184', '103.84667079234325'),
(139, '05239', 'Neil Rd', 'Bef The Pinnacle@ Duxton', 'Code: 05239 Roa Neil Rd Description: Bef The Pinnacle@ Duxton ', '1.27836884877795', '103.8413465022973'),
(140, '05241', 'Kreta Ayer Rd', 'Opp Blk 333', 'Code: 05241 Roa Kreta Ayer Rd Description: Opp Blk 333 ', '1.28079364568802', '103.84220112325953'),
(141, '05259', 'Neil Rd', 'Aft Kreta Ayer Rd', 'Code: 05259 Roa Neil Rd Description: Aft Kreta Ayer Rd ', '1.279157173483', '103.84200086940434'),
(142, '05269', 'Sth Bridge Rd', 'Maxwell Rd FC', 'Code: 05269 Roa Sth Bridge Rd Description: Maxwell Rd FC ', '1.28112262018573', '103.8447242490848'),
(143, '05271', 'Tg Pagar Rd', 'Opp Fairfield Meth Ch', 'Code: 05271 Roa Tg Pagar Rd Description: Opp Fairfield Meth Ch ', '1.27975329525167', '103.84382212419122'),
(144, '05319', 'Church St', 'OCBC Ctr', 'Code: 05319 Roa Church St Description: OCBC Ctr ', '1.28449667301849', '103.84908685850282'),
(145, '05411', 'Tg Pagar Rd', 'Tg Pagar Plaza', 'Code: 05411 Roa Tg Pagar Rd Description: Tg Pagar Plaza ', '1.27519165673078', '103.84309190393883'),
(146, '05419', 'Tg Pagar Rd', 'The Amara', 'Code: 05419 Roa Tg Pagar Rd Description: The Amara ', '1.27470669455555', '103.84318683838887'),
(147, '05421', 'Tg Pagar Rd', 'Aft Craig Rd', 'Code: 05421 Roa Tg Pagar Rd Description: Aft Craig Rd ', '1.27777470568529', '103.84346347289251'),
(148, '05429', 'Tg Pagar Rd', 'Bef Wallich St', 'Code: 05429 Roa Tg Pagar Rd Description: Bef Wallich St ', '1.27769413050075', '103.84370654372525'),
(149, '05519', 'Cantonment Rd', 'Opp Maritime Hse', 'Code: 05519 Roa Cantonment Rd Description: Opp Maritime Hse ', '1.27553472200739', '103.84112694400494'),
(150, '05521', 'Cantonment Rd', 'Maritime Hse', 'Code: 05521 Roa Cantonment Rd Description: Maritime Hse ', '1.27676861098316', '103.84059222200347'),
(151, '05629', 'Cantonment Rd', 'Opp South Pt', 'Code: 05629 Roa Cantonment Rd Description: Opp South Pt ', '1.27329192032102', '103.84192909343133'),
(152, '05631', 'Cantonment Link', 'Blk 16', 'Code: 05631 Roa Cantonment Link Description: Blk 16 ', '1.27346055934188', '103.84034718190608'),
(153, '05641', 'Keppel Rd', 'Customs Port Br HQ', 'Code: 05641 Roa Keppel Rd Description: Customs Port Br HQ ', '1.27273463868477', '103.841388341852'),
(154, '05649', 'Keppel Rd', 'Opp Customs Port Br HQ', 'Code: 05649 Roa Keppel Rd Description: Opp Customs Port Br HQ ', '1.2723842122117', '103.84093912218094'),
(155, '05651', 'Tg Pagar Rd', 'Opp Fuji Xerox Twrs', 'Code: 05651 Roa Tg Pagar Rd Description: Opp Fuji Xerox Twrs ', '1.27324242161317', '103.84305085232333'),
(156, '06011', 'Outram Rd', 'Opp Outram Pk Stn', 'Code: 06011 Roa Outram Rd Description: Opp Outram Pk Stn ', '1.28165999996967', '103.83801388886192'),
(157, '06029', 'Outram Rd', 'Outram Pk Stn', 'Code: 06029 Roa Outram Rd Description: Outram Pk Stn ', '1.28168237144906', '103.8387564242095'),
(158, '06031', 'Chin Swee Rd', 'Opp Blk 13', 'Code: 06031 Roa Chin Swee Rd Description: Opp Blk 13 ', '1.28607055552165', '103.83879166662209'),
(159, '06039', 'Chin Swee Rd', 'Blk 8', 'Code: 06039 Roa Chin Swee Rd Description: Blk 8 ', '1.28705997883119', '103.83962555611693'),
(160, '06049', 'Outram Rd', 'EtonHouse Pre-Sch', 'Code: 06049 Roa Outram Rd Description: EtonHouse Pre-Sch ', '1.28474856880259', '103.83517705055233'),
(161, '06051', 'Tiong Bahru Rd', 'Blk 55', 'Code: 06051 Roa Tiong Bahru Rd Description: Blk 55 ', '1.28475980959972', '103.83405671725487'),
(162, '06069', 'Outram Rd', 'Aft Furama RiverFront', 'Code: 06069 Roa Outram Rd Description: Aft Furama RiverFront ', '1.28623157720487', '103.83496162445665'),
(163, '06071', 'Zion Rd', 'Blk 2B', 'Code: 06071 Roa Zion Rd Description: Blk 2B ', '1.28685859481289', '103.83360028266564'),
(164, '06081', 'Zion Rd', 'Blk 94', 'Code: 06081 Roa Zion Rd Description: Blk 94 ', '1.28837086415387', '103.83349881780524'),
(165, '06129', 'Kim Seng Rd', 'Grand Copthorne Hotel', 'Code: 06129 Roa Kim Seng Rd Description: Grand Copthorne Hotel ', '1.29078162052352', '103.83440916705554'),
(166, '06131', 'Zion Rd', 'The Boys'' Brigade HQ', 'Code: 06131 Roa Zion Rd Description: The Boys'' Brigade HQ ', '1.29152472200833', '103.83222750001508'),
(167, '06141', 'Havelock Rd', 'Holiday Inn Atrium', 'Code: 06141 Roa Havelock Rd Description: Holiday Inn Atrium ', '1.28963300933974', '103.83381241921823'),
(168, '06149', 'Havelock Rd', 'Opp Holiday Inn Atrium', 'Code: 06149 Roa Havelock Rd Description: Opp Holiday Inn Atrium ', '1.28984045728104', '103.83411526676929'),
(169, '06151', 'Havelock Rd', 'Hotel Miramar', 'Code: 06151 Roa Havelock Rd Description: Hotel Miramar ', '1.28870976841461', '103.83737276969174'),
(170, '06159', 'Havelock Rd', 'River View Hotel', 'Code: 06159 Roa Havelock Rd Description: River View Hotel ', '1.28909385421188', '103.8368794036018'),
(171, '06161', 'Havelock Rd', 'Blk 2', 'Code: 06161 Roa Havelock Rd Description: Blk 2 ', '1.28901705678419', '103.83994286096711'),
(172, '06169', 'Havelock Rd', 'River Pl Condo', 'Code: 06169 Roa Havelock Rd Description: River Pl Condo ', '1.28937078931125', '103.83998944937589'),
(173, '06171', 'Upp Cross St', 'Opp Subordinate Ct', 'Code: 06171 Roa Upp Cross St Description: Opp Subordinate Ct ', '1.2860773006121', '103.84244788580838'),
(174, '06189', 'Havelock Rd', 'Ctrl Sq', 'Code: 06189 Roa Havelock Rd Description: Ctrl Sq ', '1.28779136477868', '103.84329428089559'),
(175, '07011', 'Selegie Rd', 'Peace Ctr', 'Code: 07011 Roa Selegie Rd Description: Peace Ctr ', '1.30099699058522', '103.8498101874305'),
(176, '07021', 'Selegie Rd', 'Selegie Ctr', 'Code: 07021 Roa Selegie Rd Description: Selegie Ctr ', '1.30324521574524', '103.84995776766847'),
(177, '07031', 'S''goon Rd', 'Tekka Ctr', 'Code: 07031 Roa S''goon Rd Description: Tekka Ctr ', '1.30572083298412', '103.85120583303191'),
(178, '07111', 'S''goon Rd', 'Broadway Hotel', 'Code: 07111 Roa S''goon Rd Description: Broadway Hotel ', '1.30879366465919', '103.8531751994068'),
(179, '07211', 'S''goon Rd', 'Sri Srinivasa Perumal Tp', 'Code: 07211 Roa S''goon Rd Description: Sri Srinivasa Perumal Tp ', '1.31313747728456', '103.8563561439714'),
(180, '07221', 'S''goon Rd', 'Sri Vadapathira K Tp', 'Code: 07221 Roa S''goon Rd Description: Sri Vadapathira K Tp ', '1.31503278656775', '103.85788270432104'),
(181, '07231', 'Kitchener Rd', 'Bef Tai Hoe Hotel', 'Code: 07231 Roa Kitchener Rd Description: Bef Tai Hoe Hotel ', '1.30964820661492', '103.85735391381444'),
(182, '07241', 'Lavender St', 'Umar P Tamil Lang Ctr', 'Code: 07241 Roa Lavender St Description: Umar P Tamil Lang Ctr ', '1.31557142083242', '103.85900616698896'),
(183, '07249', 'Lavender St', 'Opp Umar P Tamil Lang Ctr', 'Code: 07249 Roa Lavender St Description: Opp Umar P Tamil Lang Ctr ', '1.31538504412508', '103.85946769695234'),
(184, '07319', 'Jln Besar', 'Aft Allenby Rd', 'Code: 07319 Roa Jln Besar Description: Aft Allenby Rd ', '1.31038833299803', '103.85870666696984'),
(185, '07329', 'Jln Besar', 'Hoa Nam Bldg', 'Code: 07329 Roa Jln Besar Description: Hoa Nam Bldg ', '1.31284472583438', '103.85989088288474'),
(186, '07331', 'Kitchener Rd', 'Aft King George''s Ave', 'Code: 07331 Roa Kitchener Rd Description: Aft King George''s Ave ', '1.30824994545395', '103.8589096071918'),
(187, '07351', 'Lavender St', 'Eminent Plaza', 'Code: 07351 Roa Lavender St Description: Eminent Plaza ', '1.31351833300073', '103.86054527803076'),
(188, '07359', 'Lavender St', 'Opp Eminent Plaza', 'Code: 07359 Roa Lavender St Description: Opp Eminent Plaza ', '1.31358973166058', '103.86079304025755'),
(189, '07361', 'Lavender St', 'Bef Kallang Bahru', 'Code: 07361 Roa Lavender St Description: Bef Kallang Bahru ', '1.31167636068313', '103.86189483728585'),
(190, '07369', 'Lavender St', 'Aft Kallang Bahru', 'Code: 07369 Roa Lavender St Description: Aft Kallang Bahru ', '1.31140805601851', '103.86237888899062'),
(191, '07371', 'Lavender St', 'Aft Kallang Rd', 'Code: 07371 Roa Lavender St Description: Aft Kallang Rd ', '1.30950750000455', '103.86350138902452'),
(192, '07379', 'Lavender St', 'Bef Kallang Rd', 'Code: 07379 Roa Lavender St Description: Bef Kallang Rd ', '1.31017336740849', '103.86338225534827'),
(193, '07419', 'Jln Besar', 'Opp Veerasamy Rd', 'Code: 07419 Roa Jln Besar Description: Opp Veerasamy Rd ', '1.30653024120879', '103.8561630249311'),
(194, '07509', 'Bencoolen St', 'SMU', 'Code: 07509 Roa Bencoolen St Description: SMU ', '1.29734200002733', '103.84904099999753'),
(195, '07517', 'Bencoolen St', 'Opp Burlington Sq', 'Code: 07517 Roa Bencoolen St Description: Opp Burlington Sq ', '1.30138184852118', '103.85252564651103'),
(196, '07518', 'Bencoolen St', 'Fortune Ctr', 'Code: 07518 Roa Bencoolen St Description: Fortune Ctr ', '1.30097493989394', '103.8521798624137'),
(197, '07529', 'Jln Besar', 'Bef Sim Lim Twr', 'Code: 07529 Roa Jln Besar Description: Bef Sim Lim Twr ', '1.30431906266143', '103.85501564257024'),
(198, '07531', 'Rochor Canal Rd', 'Aft Sim Lim Sq', 'Code: 07531 Roa Rochor Canal Rd Description: Aft Sim Lim Sq ', '1.30394993737661', '103.85269820904102'),
(199, '07539', 'Sungei Rd', 'The Verge', 'Code: 07539 Roa Sungei Rd Description: The Verge ', '1.30461300741211', '103.8520009720951'),
(200, '07551', 'Rochor Rd', 'Fu Lu Shou Cplx', 'Code: 07551 Roa Rochor Rd Description: Fu Lu Shou Cplx ', '1.30171975809706', '103.8546132267025'),
(201, '18021', 'Ayer Rajah Cres', 'Opp GEMPLUS', 'Code: 18021 Roa Ayer Rajah Cres Description: Opp GEMPLUS ', '1.29645297711413', '103.7889243029247'),
(202, '18029', 'Ayer Rajah Cres', 'Tempco Mfg', 'Code: 18029 Roa Ayer Rajah Cres Description: Tempco Mfg ', '1.29609811481527', '103.78918045190079'),
(203, '18051', 'Ayer Rajah Ave', 'one-north Stn', 'Code: 18051 Roa Ayer Rajah Ave Description: one-north Stn ', '1.29863776004531', '103.7873441662514'),
(204, '18059', 'Ayer Rajah Ave', 'Opp one-north Stn', 'Code: 18059 Roa Ayer Rajah Ave Description: Opp one-north Stn ', '1.29849138898115', '103.78720666698497'),
(205, '18061', 'Ayer Rajah Cres', 'Blk 71', 'Code: 18061 Roa Ayer Rajah Cres Description: Blk 71 ', '1.29671588928647', '103.78738045694247'),
(206, '18069', 'Ayer Rajah Cres', 'Opp Blk 71', 'Code: 18069 Roa Ayer Rajah Cres Description: Opp Blk 71 ', '1.29649064143644', '103.7875521182857'),
(207, '18071', 'Buona Vista Flyover', 'NUH', 'Code: 18071 Roa Buona Vista Flyover Description: NUH ', '1.29540809825612', '103.7844750019296'),
(208, '18121', 'Buona Vista Flyover', 'Opp Ayer Rajah Ind Est', 'Code: 18121 Roa Buona Vista Flyover Description: Opp Ayer Rajah Ind Est ', '1.29751168042934', '103.7854209482613'),
(209, '18129', 'Buona Vista Flyover', 'Ayer Rajah Ind Est', 'Code: 18129 Roa Buona Vista Flyover Description: Ayer Rajah Ind Est ', '1.29776225378985', '103.78570767644749'),
(210, '18131', 'AYE', 'Science Pk', 'Code: 18131 Roa AYE Description: Science Pk ', '1.28946504312286', '103.79176855088512'),
(211, '18151', 'Portsdown Rd', 'Opp one-north Stn', 'Code: 18151 Roa Portsdown Rd Description: Opp one-north Stn ', '1.30051083054497', '103.78864286195989'),
(212, '18159', 'Portsdown Rd', 'one-north Stn', 'Code: 18159 Roa Portsdown Rd Description: one-north Stn ', '1.3003468994065', '103.78858368998314'),
(213, '42311', 'Bt Batok East Ave 3', 'Opp Burgundy Hill', 'Code: 42311 Roa Bt Batok East Ave 3 Description: Opp Burgundy Hill ', '1.33865749997067', '103.76028055601957'),
(214, '42319', 'Bt Batok East Ave 3', 'Burgundy Hill', 'Code: 42319 Roa Bt Batok East Ave 3 Description: Burgundy Hill ', '1.33915373900693', '103.76043841269879'),
(215, '43009', 'Bt Batok Ctrl', 'Bt Batok Int', 'Code: 43009 Roa Bt Batok Ctrl Description: Bt Batok Int ', '1.34999354306126', '103.75106190953444'),
(216, '43011', 'Upp Bt Timah Rd', 'Bt Regency', 'Code: 43011 Roa Upp Bt Timah Rd Description: Bt Regency ', '1.34742333297015', '103.77118138899144'),
(217, '43179', 'Bt Batok East Ave 3', 'Blk 231', 'Code: 43179 Roa Bt Batok East Ave 3 Description: Blk 231 ', '1.3489707828044', '103.75430345301592'),
(218, '43401', 'Bt Batok West Ave 3', 'Bt Batok Polyclinic', 'Code: 43401 Roa Bt Batok West Ave 3 Description: Bt Batok Polyclinic ', '1.3522721261678', '103.74740528970081'),
(219, '43409', 'Bt Batok West Ave 3', 'Opp Blk 127', 'Code: 43409 Roa Bt Batok West Ave 3 Description: Opp Blk 127 ', '1.35235542005389', '103.74623591627208'),
(220, '43411', 'Bt Batok Ctrl', 'Opp Blk 628', 'Code: 43411 Roa Bt Batok Ctrl Description: Opp Blk 628 ', '1.35176519952681', '103.75019891787089'),
(221, '43421', 'Bt Batok East Ave 2', 'Blk 503', 'Code: 43421 Roa Bt Batok East Ave 2 Description: Blk 503 ', '1.35111420366399', '103.75360263027991'),
(222, '43429', 'Bt Batok East Ave 2', 'Blk 240', 'Code: 43429 Roa Bt Batok East Ave 2 Description: Blk 240 ', '1.35105480262534', '103.75386933147597'),
(223, '43431', 'Bt Batok East Ave 2', 'Opp Blk 242', 'Code: 43431 Roa Bt Batok East Ave 2 Description: Opp Blk 242 ', '1.35138376789986', '103.75644264494997'),
(224, '43439', 'Bt Batok East Ave 2', 'Blk 242', 'Code: 43439 Roa Bt Batok East Ave 2 Description: Blk 242 ', '1.35118101224765', '103.75622664327469'),
(225, '43441', 'Bt Batok East Ave 2', 'Opp Blk 258', 'Code: 43441 Roa Bt Batok East Ave 2 Description: Opp Blk 258 ', '1.35173000550557', '103.75897289147882'),
(226, '43449', 'Bt Batok East Ave 2', 'Blk 258', 'Code: 43449 Roa Bt Batok East Ave 2 Description: Blk 258 ', '1.35150377570255', '103.7590516971924'),
(227, '43451', 'Bt Batok Rd', 'Bef PIE', 'Code: 43451 Roa Bt Batok Rd Description: Bef PIE ', '1.3484947219845', '103.73850083303125'),
(228, '43459', 'Bt Batok Rd', 'Aft PIE', 'Code: 43459 Roa Bt Batok Rd Description: Aft PIE ', '1.34808666498981', '103.73807456781998'),
(229, '43461', 'Bt Batok West Ave 2', 'Aft Bt Batok West Ave 5', 'Code: 43461 Roa Bt Batok West Ave 2 Description: Aft Bt Batok West Ave 5 ', '1.35504665794029', '103.74749372345552'),
(230, '43469', 'Bt Batok West Ave 2', 'Bef Bt Batok West Ave 5', 'Code: 43469 Roa Bt Batok West Ave 2 Description: Bef Bt Batok West Ave 5 ', '1.35548944397651', '103.74726222200721'),
(231, '43471', 'Bt Batok West Ave 2', 'Blk 306', 'Code: 43471 Roa Bt Batok West Ave 2 Description: Blk 306 ', '1.35796999999619', '103.74730694399486'),
(232, '43479', 'Bt Batok West Ave 2', 'Opp Blk 305', 'Code: 43479 Roa Bt Batok West Ave 2 Description: Opp Blk 305 ', '1.35767388896582', '103.7471822219967'),
(233, '43481', 'Bt Batok West Ave 2', 'Blk 315', 'Code: 43481 Roa Bt Batok West Ave 2 Description: Blk 315 ', '1.35992912103835', '103.74637905142735'),
(234, '43489', 'Bt Batok West Ave 2', 'Opp Blk 315', 'Code: 43489 Roa Bt Batok West Ave 2 Description: Opp Blk 315 ', '1.35969340660669', '103.74636241074867'),
(235, '43491', 'Bt Batok West Ave 4', 'Blk 331', 'Code: 43491 Roa Bt Batok West Ave 4 Description: Blk 331 ', '1.36389687937887', '103.74718725922841'),
(236, '43499', 'Bt Batok West Ave 4', 'Blk 419', 'Code: 43499 Roa Bt Batok West Ave 4 Description: Blk 419 ', '1.36259558126251', '103.74686723054008'),
(237, '43501', 'Bt Batok St 23', 'Opp Blk 291E', 'Code: 43501 Roa Bt Batok St 23 Description: Opp Blk 291E ', '1.34376366037202', '103.75423776871699'),
(238, '43509', 'Bt Batok St 23', 'Blk 291E', 'Code: 43509 Roa Bt Batok St 23 Description: Blk 291E ', '1.34354631600946', '103.754417519164'),
(239, '43511', 'Bt Batok East Ave 6', 'Bt Batok Swim Cplx', 'Code: 43511 Roa Bt Batok East Ave 6 Description: Bt Batok Swim Cplx ', '1.34497394208663', '103.74849870531534'),
(240, '43519', 'Bt Batok East Ave 6', 'Opp Bt Batok Swim Cplx', 'Code: 43519 Roa Bt Batok East Ave 6 Description: Opp Bt Batok Swim Cplx ', '1.34527424103226', '103.74835776931137'),
(241, '43521', 'Bt Batok West Ave 5', 'Bt Batok Driving Ctr', 'Code: 43521 Roa Bt Batok West Ave 5 Description: Bt Batok Driving Ctr ', '1.36756037490262', '103.750164221858'),
(242, '43529', 'Bt Batok West Ave 5', 'Opp Bt Batok Driving Ctr', 'Code: 43529 Roa Bt Batok West Ave 5 Description: Opp Bt Batok Driving Ctr ', '1.36769649857951', '103.7502379581868'),
(243, '43531', 'Bt Batok West Ave 3', 'Blk 140', 'Code: 43531 Roa Bt Batok West Ave 3 Description: Blk 140 ', '1.35154868659228', '103.7437763360561'),
(244, '43541', 'Bt Batok East Ave 5', 'Blk 510', 'Code: 43541 Roa Bt Batok East Ave 5 Description: Blk 510 ', '1.35285923286243', '103.75500883537146'),
(245, '43549', 'Bt Batok East Ave 5', 'Regent Hts', 'Code: 43549 Roa Bt Batok East Ave 5 Description: Regent Hts ', '1.35254074739712', '103.75549198596346'),
(246, '43801', 'Bt Batok St 52', 'Bet Blks 536/537', 'Code: 43801 Roa Bt Batok St 52 Description: Bet Blks 536/537 ', '1.3551454648522', '103.75172782697503'),
(247, '43809', 'Bt Batok St 52', 'Blk 514', 'Code: 43809 Roa Bt Batok St 52 Description: Blk 514 ', '1.35485194402612', '103.75186611101287'),
(248, '70079', 'Ubi Ave 3', 'Aft Regent Motors', 'Code: 70079 Roa Ubi Ave 3 Description: Aft Regent Motors ', '1.33372166698373', '103.89851833301576'),
(249, '70081', 'Ubi Ave 3', 'Opp HDB CP', 'Code: 70081 Roa Ubi Ave 3 Description: Opp HDB CP ', '1.33227580149459', '103.89497442435284'),
(250, '70089', 'Ubi Ave 3', 'HDB CP', 'Code: 70089 Roa Ubi Ave 3 Description: HDB CP ', '1.33187702164512', '103.89443953236938'),
(251, '70091', 'Ubi Ave 3', 'Opp Traffic Police', 'Code: 70091 Roa Ubi Ave 3 Description: Opp Traffic Police ', '1.33071735944004', '103.89091372491255'),
(252, '70099', 'Ubi Ave 3', 'Traffic Police', 'Code: 70099 Roa Ubi Ave 3 Description: Traffic Police ', '1.33063155191578', '103.89132142065273'),
(253, '70271', 'Paya Lebar Rd', 'Le Crescendo', 'Code: 70271 Roa Paya Lebar Rd Description: Le Crescendo ', '1.33078171512111', '103.88931512831826'),
(254, '70279', 'Paya Lebar Rd', 'Opp Trinity @ Paya Lebar', 'Code: 70279 Roa Paya Lebar Rd Description: Opp Trinity @ Paya Lebar ', '1.33155751923227', '103.88951499040957'),
(255, '70281', 'Upp Paya Lebar Rd', 'Aft Tai Seng Stn', 'Code: 70281 Roa Upp Paya Lebar Rd Description: Aft Tai Seng Stn ', '1.33530627797371', '103.8879999999696'),
(256, '70289', 'Upp Paya Lebar Rd', 'Opp Tai Seng Stn', 'Code: 70289 Roa Upp Paya Lebar Rd Description: Opp Tai Seng Stn ', '1.3350640000249', '103.8886929999761'),
(257, '70291', 'Upp Paya Lebar Rd', 'Asiawide Ind Bldg', 'Code: 70291 Roa Upp Paya Lebar Rd Description: Asiawide Ind Bldg ', '1.33743499996855', '103.88713611112668'),
(258, '70299', 'Upp Paya Lebar Rd', 'Opp Asiawide Ind Bldg', 'Code: 70299 Roa Upp Paya Lebar Rd Description: Opp Asiawide Ind Bldg ', '1.3374750000156', '103.88758305557131'),
(259, '70381', 'Circuit Rd', 'Kong Hwa Sch', 'Code: 70381 Roa Circuit Rd Description: Kong Hwa Sch ', '1.32826110002647', '103.88741080002127'),
(260, '70391', 'Lor Bengkok', 'Opp MacPherson Sec Sch', 'Code: 70391 Roa Lor Bengkok Description: Opp MacPherson Sec Sch ', '1.32692573586672', '103.889104163357'),
(261, '71011', 'Airport Rd', 'Aft Paya Lebar Rd', 'Code: 71011 Roa Airport Rd Description: Aft Paya Lebar Rd ', '1.33411688207761', '103.89054392713261'),
(262, '71021', 'Airport Rd', 'Opp Comfort Test Ctr', 'Code: 71021 Roa Airport Rd Description: Opp Comfort Test Ctr ', '1.33655775095595', '103.89468782549605'),
(263, '71029', 'Airport Rd', 'Comfort Test Ctr', 'Code: 71029 Roa Airport Rd Description: Comfort Test Ctr ', '1.33654331402892', '103.89504292943955'),
(264, '71171', 'Airport Rd', 'Blk 1022', 'Code: 71171 Roa Airport Rd Description: Blk 1022 ', '1.33497828854869', '103.89238738026172'),
(265, '71179', 'Airport Rd', 'Opp Blk 1022', 'Code: 71179 Roa Airport Rd Description: Opp Blk 1022 ', '1.3346773011372', '103.89238294056769');

-- --------------------------------------------------------

--
-- Table structure for table `bus_users`
--

CREATE TABLE IF NOT EXISTS `bus_users` (
  `id` int(10) unsigned NOT NULL AUTO_INCREMENT,
  `name` varchar(255) COLLATE utf8_unicode_ci NOT NULL,
  `email` varchar(255) COLLATE utf8_unicode_ci NOT NULL,
  `password` varchar(60) COLLATE utf8_unicode_ci NOT NULL,
  `remember_token` varchar(100) COLLATE utf8_unicode_ci DEFAULT NULL,
  `created_at` timestamp NOT NULL DEFAULT '0000-00-00 00:00:00',
  `updated_at` timestamp NOT NULL DEFAULT '0000-00-00 00:00:00',
  PRIMARY KEY (`id`),
  UNIQUE KEY `bus_users_email_unique` (`email`)
) ENGINE=InnoDB  DEFAULT CHARSET=utf8 COLLATE=utf8_unicode_ci AUTO_INCREMENT=7 ;

--
-- Dumping data for table `bus_users`
--

INSERT INTO `bus_users` (`id`, `name`, `email`, `password`, `remember_token`, `created_at`, `updated_at`) VALUES
(1, 'Samayan', 'samayan@gmail.com', '$2y$10$5cQbSKrvgbRVTaSWlK2JO.Gq/b7HVYV6SXTdXqQIpSbHNcv/bFzaG', 'n9ciA81s0dDa5fiDbCtdZcvOXQCTeeIIjjV1HS0SJpQV8hqMMqLJSpA0aJmg', '0000-00-00 00:00:00', '2015-05-30 16:05:55'),
(2, 'aathikshan', 'aathikshansv@gmail.com', '$2y$10$zZxlelwhyLGOowY1hAY5pes9c17QDqVUIB.icDwE46oFPZDNqvN5.', NULL, '2015-05-26 00:44:37', '2015-05-26 00:44:37'),
(3, 'shankar', 'ctshankar@gmail.com', '$2y$10$T1j.8BPOppf0QLJux1HYtuSrhSuR4yFYvDpCE5qlb5rNn7q5Sz/3C', '1Xo8kM4RgI4WRhUia9UPyUxnjZtLLRQ3B4GbQVJepucVGYLXtcOUp22aonjr', '0000-00-00 00:00:00', '2015-05-31 03:23:04'),
(5, 'dan', 'dan@hotmail.com', '$2y$10$Bkl5H5F0Izl3CsWv3KcyOOrtnmNV5yKmxbpsIQtie042qsUkKkrFO', NULL, '0000-00-00 00:00:00', '0000-00-00 00:00:00'),
(6, 'dan45', 'dan45@hotmail.com', '$2y$10$VjPauPOb9tRh6FKSFfI8KOxum6l04IWjEaHpu96ctWTKx4AbVLgkO', NULL, '0000-00-00 00:00:00', '0000-00-00 00:00:00');

-- --------------------------------------------------------

--
-- Table structure for table `migrations`
--

CREATE TABLE IF NOT EXISTS `migrations` (
  `migration` varchar(255) COLLATE utf8_unicode_ci NOT NULL,
  `batch` int(11) NOT NULL
) ENGINE=InnoDB DEFAULT CHARSET=utf8 COLLATE=utf8_unicode_ci;

--
-- Dumping data for table `migrations`
--

INSERT INTO `migrations` (`migration`, `batch`) VALUES
('2014_10_12_000000_create_bus_users_table', 1),
('2014_10_12_100000_create_password_resets_table', 1),
('2015_05_27_12am_create_bus_stop_table', 1),
('2015_05_30_032536_create_bus_schedule_table', 1),
('2015_05_30_070547_create_bus_mapping_table', 1),
('2015_05_30_170255_create_bus_route_table', 1);

-- --------------------------------------------------------

--
-- Table structure for table `password_resets`
--

CREATE TABLE IF NOT EXISTS `password_resets` (
  `email` varchar(255) COLLATE utf8_unicode_ci NOT NULL,
  `token` varchar(255) COLLATE utf8_unicode_ci NOT NULL,
  `created_at` timestamp NOT NULL DEFAULT '0000-00-00 00:00:00',
  KEY `password_resets_email_index` (`email`),
  KEY `password_resets_token_index` (`token`)
) ENGINE=InnoDB DEFAULT CHARSET=utf8 COLLATE=utf8_unicode_ci;

/*!40101 SET CHARACTER_SET_CLIENT=@OLD_CHARACTER_SET_CLIENT */;
/*!40101 SET CHARACTER_SET_RESULTS=@OLD_CHARACTER_SET_RESULTS */;
/*!40101 SET COLLATION_CONNECTION=@OLD_COLLATION_CONNECTION */;
